Date,PZ1,PZ106,PZ107,PZ108,PZ109,PZ110,PZ111,PZ2,PZ3,PZ4,PZ7,PZ8,Water_level,Rainfall
01/31/2002,217.43,213.6,218.16,218.44,220.8,220.64,221.21,210.61,213.02,217.41,228.21,228.98,232.07,0
02/28/2002,217.39,213.55,218.1,218.36,220.65,220.7,221.08,210.76,212.85,217.29,228.15,228.72,231.43,0
03/31/2002,217.34,213.53,218.01,218.26,220.46,220.72,220.91,210.7,212.79,217.18,228.08,228.54,230.69,0
04/30/2002,217.24,213.49,217.85,218.08,220.17,220.72,220.63,210.62,212.82,217.05,227.95,228.36,229.65,31.1
05/31/2002,217.15,213.41,217.7,217.93,219.91,220.66,220.39,210.38,212.78,216.91,227.83,228.23,228.62,39.1
06/30/2002,217.09,213.32,217.6,217.83,219.7,220.6,220.24,210.35,212.78,216.8,227.72,228.11,227.73,74.6
07/31/2002,217.06,213.17,217.56,217.77,219.64,220.48,220.11,210.06,212.85,216.64,227.7,228.19,227.13,201.5
08/31/2002,217.19,213.02,217.77,218,220.05,220.38,220.32,210.12,213.02,216.56,227.94,228.52,228.57,158.1
09/30/2002,217.44,213.05,218.18,218.43,220.76,220.4,220.86,210.48,213.3,216.63,228.48,229.55,231.25,191
10/31/2002,217.62,213.21,218.44,218.71,221.26,220.46,221.27,210.56,213.45,216.82,228.95,230.09,232.74,94.2
11/30/2002,217.72,213.5,218.6,218.93,221.56,220.67,221.62,210.86,213.43,217.33,228.6,230.12,233.57,0
12/31/2002,217.69,213.64,218.59,218.89,221.46,220.8,221.6,210.79,213.34,217.44,228.47,229.85,232.95,0
01/31/2003,217.64,213.66,218.52,218.8,221.31,220.92,221.44,210.7,213.23,217.4,228.34,229.13,232.36,0
02/28/2003,217.57,213.61,218.42,218.71,221.13,220.95,221.29,210.73,213.04,217.28,228.25,228.94,231.73,7.7
03/31/2003,217.49,213.55,218.29,218.57,220.86,220.97,221.08,210.71,212.91,217.13,228.12,228.63,230.9,4.4
04/30/2003,217.39,213.5,218.12,218.39,220.57,220.94,220.81,210.47,212.88,216.98,228.02,228.43,229.83,121
05/31/2003,217.33,213.41,218,218.26,220.38,220.89,220.62,210.42,212.89,216.88,228.22,228.43,228.96,67
06/30/2003,217.28,213.28,217.94,218.19,220.28,220.8,220.46,210.32,212.95,216.77,228.31,228.45,228.42,157
07/31/2003,217.42,213.2,218.2,218.46,220.72,220.71,220.69,210.6,213.23,216.71,228.82,229.19,228.47,326.6
08/31/2003,217.74,213.29,218.73,219,221.57,220.92,221.36,211.12,213.42,216.82,228.8,230.32,232.68,189
09/30/2003,217.99,213.74,219.06,219.43,222.23,220.89,221.93,212,213.9,217.2,229.1,231.54,234.1,213.2
10/31/2003,218.1,214.02,219.23,219.62,222.51,221.1,222.27,211.56,213.62,217.63,229.08,231.57,235,26.5
11/30/2003,218.08,214.02,219.2,219.58,222.5,221.23,222.26,211.42,213.48,217.67,228.82,231.22,234.47,0
12/31/2003,217.95,214,219.02,219.4,222.21,221.41,222.04,210.8,213.32,217.67,228.62,230.39,233.65,0
01/31/2004,217.88,213.96,218.94,219.27,221.98,221.5,221.9,210.68,213.22,217.66,228.52,229.64,233.18,0
02/29/2004,217.84,213.9,218.87,219.19,221.88,221.52,221.78,210.82,213.14,217.59,228.45,229.83,232.62,0
03/31/2004,217.78,213.84,218.77,219.06,221.7,221.51,221.61,210.77,213.01,217.44,228.41,229.14,231.92,14.5
04/30/2004,217.69,213.77,218.63,218.91,221.48,221.48,221.43,210.73,212.96,217.28,228.55,229.05,231.14,115
05/31/2004,217.61,213.65,218.5,218.74,221.22,221.41,221.16,210.86,213,217.17,228.79,228.76,230.5,88.2
06/30/2004,217.5,213.56,218.34,218.58,220.96,221.3,220.88,210.78,213.08,217.08,229.07,228.71,229.46,200.8
07/31/2004,217.48,213.5,218.29,218.52,220.88,221.18,220.75,210.66,213.2,217.03,229.73,228.75,228.54,258
08/31/2004,217.64,213.44,218.56,218.78,221.37,221.09,221.02,210.59,213.38,217.04,229.89,229.44,230.57,307.9
09/30/2004,217.9,213.5,218.97,219.2,222.05,221.1,221.51,210.81,213.47,217.22,230.1,230.87,232.21,111.7
10/31/2004,218.01,213.71,219.14,219.43,222.38,221.2,221.83,210.84,213.43,217.52,229.38,231,233.35,49
11/30/2004,217.94,213.85,219.04,219.31,222.25,221.3,221.73,210.54,213.3,217.64,229.09,230.32,232.67,0
12/31/2004,217.87,213.92,218.95,219.2,222.11,221.36,221.62,210.32,213.2,217.66,228.92,229.7,232.03,0
01/31/2005,217.81,213.75,218.83,219.09,221.86,221.39,221.43,210.34,213.12,217.5,228.61,229.15,231.55,0
02/28/2005,217.74,213.63,218.74,218.98,221.67,221.37,221.28,210.42,213.05,217.38,228.44,228.92,231.02,0
03/31/2005,217.67,213.58,218.65,218.88,221.55,221.34,221.16,210.44,213.06,217.29,228.36,228.76,230.29,5
04/30/2005,217.57,213.52,218.49,218.7,221.22,221.26,220.9,210.34,213.02,217.1,228.15,228.55,229.42,50.5
05/31/2005,217.45,213.42,218.31,218.52,220.92,221.12,220.62,210.24,212.98,216.92,228.08,228.46,228.44,79.5
06/30/2005,217.38,213.32,218.21,218.4,220.72,221,220.46,210.2,213.02,216.79,228.43,228.54,227.8,127.8
07/31/2005,217.44,213.22,218.3,218.5,220.91,220.86,220.48,210.08,213.14,216.69,228.59,228.78,227.63,218.8
08/31/2005,217.77,213.2,218.86,219.1,221.89,220.84,221.06,210.55,213.34,216.72,228.82,230.17,230.96,75.9
09/30/2005,218.19,213.52,219.44,219.78,222.95,220.96,221.87,211.1,213.56,217.02,229.57,231.64,234.06,147.7
10/31/2005,218.28,213.99,219.57,219.9,223.2,221.22,222.2,211.19,213.58,217.5,229.9,231.58,234.84,46.5
11/30/2005,218.23,214.04,219.46,219.81,223.08,221.42,222.14,211.03,213.46,217.66,229.4,231.06,234.14,0
12/31/2005,218.18,214.04,219.42,219.71,222.96,221.51,222.07,210.85,213.43,217.65,229.19,230.59,233.38,0
01/31/2006,218.02,214.02,219.21,219.52,222.59,221.52,221.76,210.54,213.23,217.48,228.83,229.69,232.65,0
02/28/2006,217.96,214,219.12,219.45,222.46,221.52,221.64,210.38,213.18,217.36,228.73,229.64,232.11,0
03/31/2006,217.9,213.94,219.04,219.33,222.32,221.52,221.5,210.31,213.11,217.22,228.67,229.62,231.61,2.5
04/30/2006,217.84,213.84,218.93,219.24,222.17,221.5,221.37,210.42,213.05,217.09,228.54,229.41,231.06,28
05/31/2006,217.74,213.8,218.78,219.09,221.82,221.44,221.14,210.66,213,216.97,228.35,228.9,230.12,75.5
06/30/2006,217.55,213.75,218.52,218.8,221.33,221.3,220.77,210.62,212.93,216.81,228.2,228.74,228.85,69.7
07/31/2006,217.5,213.66,218.44,218.72,221.17,221.17,220.6,210.63,212.91,216.69,228.19,228.76,228.16,124.7
08/31/2006,217.61,213.58,218.64,218.92,221.57,221.02,220.7,210.24,213.11,216.58,228.08,229.07,229.08,151.8
09/30/2006,218,213.55,219.27,219.64,222.68,220.98,221.33,210.42,213.42,216.62,229.17,231.23,231.76,191.2
10/31/2006,218.22,213.87,219.65,220.1,223.29,221.16,221.92,210.92,213.57,216.96,229.28,231.54,234.24,63.1
11/30/2006,217.64,214.03,218.51,218.76,222.3,221.38,221.65,210.94,213.4,217.27,229.09,230.8,233.85,0
12/31/2006,217.54,213.98,218.28,218.51,222.04,221.4,221.48,210.69,213.25,217.32,228.9,229.98,233.04,0
01/31/2007,217.52,213.97,218.24,218.46,221.93,221.4,221.41,210.64,213.18,217.25,228.74,229.57,232.35,0
02/28/2007,217.47,213.91,218.17,218.39,221.8,221.36,221.26,210.36,213.04,217.13,228.54,229.27,231.6,0
03/31/2007,217.43,213.74,218.11,218.32,221.57,221.26,221.12,210.44,212.94,216.99,228.35,228.89,231.11,2
04/30/2007,217.37,213.62,218.01,218.22,221.33,221.14,220.95,210.46,212.89,216.89,228.14,228.6,230.22,23.8
05/31/2007,217.29,213.55,217.9,218.13,221.04,220.94,220.69,210.45,212.9,216.74,228.01,228.65,229.25,114.5
06/30/2007,217.29,213.5,217.91,218.13,221.05,220.78,220.57,210.56,212.96,216.64,228.15,228.69,228.3,122.5
07/31/2007,217.43,213.5,218.15,218.38,221.44,220.69,220.74,210.65,213.14,216.58,228.34,229.07,229.92,196.7
08/31/2007,217.74,213.76,218.59,218.84,222.36,220.76,221.24,211.31,213.87,216.66,229.83,231.1,230.99,465.7
09/30/2007,218.14,214.2,219.2,219.5,223.31,221.14,222.01,213.43,214.69,217.04,229.93,232.42,235.05,108.4
10/31/2007,218.18,214.02,219.22,219.55,223.45,221.21,222.26,211.42,213.63,217.52,229.7,232.46,235.04,20.7
11/30/2007,218.12,214.02,219.17,219.48,223.36,221.23,222.2,211.17,213.43,217.66,229.04,231.9,234.46,0
12/31/2007,218.04,214.02,219.11,219.4,223.16,221.23,222.07,211.12,213.35,217.65,229,231.11,233.48,0
01/31/2008,217.99,214.02,218.95,219.24,222.7,221.23,221.74,210.57,213.17,217.46,228.78,229.69,232.07,0
02/29/2008,217.99,214.01,218.91,219.19,222.56,221.23,221.59,210.52,213.19,217.25,228.52,229.3,231.37,0
03/31/2008,217.9,213.99,218.81,219.1,222.36,221.23,221.44,210.57,213.17,217.13,228.41,229.01,230.3,3.7
04/30/2008,217.77,213.9,218.64,218.92,221.98,221.16,221.17,210.49,213.14,216.97,228.2,228.83,229.21,21.8
05/31/2008,217.64,213.8,218.46,218.74,221.6,221.08,220.89,210.4,213.11,216.8,228,228.64,228.51,124.9
06/30/2008,217.57,213.61,218.33,218.6,221.33,220.79,220.64,210.48,213.05,216.64,228.1,228.77,227.82,117.5
07/31/2008,217.49,213.53,218.4,218.64,221.29,220.59,220.54,210.44,213.17,216.55,228.4,228.98,231.35,272.5
08/31/2008,217.78,213.51,219.03,219.25,222.42,220.83,221.19,210.77,213.48,216.56,229.09,231.34,235,262
09/30/2008,218.39,213.85,219.68,220.06,223.65,221.62,222.02,212.14,213.94,217,229.81,232.85,234.98,240.5
10/31/2008,218.46,214.03,219.8,220.19,223.92,222.12,222.44,211.15,213.63,217.55,229.14,232,234.45,47
11/30/2008,218.44,214.02,219.67,220.06,223.75,222.2,222.35,210.93,213.5,217.64,229.08,230.36,233.7,0
12/31/2008,218.31,214.02,219.52,219.89,223.42,222.07,222.12,210.77,213.35,217.64,228.86,229.89,232.9,0
01/31/2009,218.18,214.02,219.36,219.72,223.09,221.93,221.88,210.61,213.2,217.65,228.64,229.42,232.98,0
02/28/2009,218.11,214.02,219.29,219.62,222.92,221.81,221.77,210.75,213.2,217.46,228.5,229.18,232,5.8
03/31/2009,217.96,213.99,219.07,219.41,222.5,221.55,221.5,210.5,213.14,217.28,228.32,228.97,231,0
04/30/2009,217.82,213.88,218.86,219.17,222.07,221.26,221.22,210.49,213.09,217.08,228.18,228.82,229.9,39.1
05/31/2009,217.67,213.66,218.56,218.86,221.55,220.85,220.86,210.53,213.07,216.85,228.49,228.92,228.65,100.2
06/30/2009,217.14,213.54,217.7,217.94,220.66,220.46,220.26,210.18,212.96,216.73,228.39,228.94,227.63,158.5
07/31/2009,217.19,213.35,217.73,217.96,220.78,220.19,220.24,210.08,213.06,216.62,228.33,228.97,227.87,105.2
08/31/2009,217.3,213.19,217.91,218.13,221.18,220.22,220.4,210.26,213.21,216.56,229.05,229.3,228.81,340.5
09/30/2009,217.88,214.22,218.86,219.12,223.08,221.04,221.48,212.35,214.39,216.77,229.46,233.03,232.79,120.4
10/31/2009,218.04,214.02,219.09,219.38,223.4,221.62,221.98,211.08,213.56,217.26,229.27,232.93,235.05,79.2
11/30/2009,218.04,214.03,219.08,219.37,223.3,221.77,222.04,210.9,213.5,217.6,229.28,232.28,234.35,0
12/31/2009,217.96,214.02,218.97,219.27,223.06,221.77,221.88,210.76,213.29,217.65,229.14,231.36,233.48,0
01/31/2010,217.88,213.98,218.88,219.19,222.78,221.65,221.68,210.74,213.16,217.51,229.09,230.48,232.63,0
02/28/2010,217.8,213.94,218.78,219.1,222.5,221.53,221.47,210.71,213.02,217.37,229.04,229.6,232.61,0
03/31/2010,217.68,213.85,218.62,218.92,222.12,221.34,221.19,210.65,213.1,217.21,228.62,228.86,230.47,0
04/30/2010,217.53,213.66,218.4,218.67,221.6,220.98,220.86,210.46,212.92,216.99,228.27,228.72,228.9,15.1
05/31/2010,217.37,213.49,218.17,218.44,221.15,220.6,220.54,210.1,212.89,216.81,228.41,228.82,227.4,155.6
06/30/2010,217.3,213.32,218.09,218.36,220.96,220.32,220.33,210.06,212.96,216.62,228.44,229,226.8,119.3
07/31/2010,217.31,213.16,218.1,218.36,220.98,220.16,220.25,209.66,213.06,216.52,228.56,229.23,226.9,349.8
08/31/2010,217.93,213.27,219.14,219.43,222.89,220.64,221.17,211.31,213.79,216.55,229.66,231.87,231.43,328.1
09/30/2010,218.44,214.04,219.88,220.24,223.94,221.66,222.15,212.72,214.25,217.02,230.86,232.84,234.97,256.3
10/31/2010,218.47,214.03,219.85,220.25,224.07,222.07,222.42,211.15,213.51,217.58,229.32,233.22,235.13,55.3
11/30/2010,218.42,214.04,219.76,220.13,223.85,222.15,222.36,210.92,213.41,217.78,229.21,232.27,234.65,0
12/31/2010,218.28,214.03,219.58,219.91,223.52,222.03,222.11,210.84,213.24,217.7,229.11,231.38,233.68,0
01/31/2011,218.14,214.02,219.4,219.68,223.19,221.9,221.86,210.76,213.07,217.62,229.01,230.49,232.44,0
02/28/2011,218.01,213.91,219.18,219.45,222.8,221.63,221.6,210.68,213,217.45,228.61,229.59,231.49,0
03/31/2011,217.88,213.79,218.95,219.23,222.4,221.35,221.34,210.6,212.93,217.27,228.21,228.68,230.46,0
04/30/2011,217.67,213.58,218.65,218.9,221.85,221.01,220.98,210.32,212.86,217,228.17,228.65,228.97,58.4
05/31/2011,217.48,213.4,218.35,218.6,221.34,220.63,220.61,209.88,212.85,216.88,228.41,228.86,227.69,105.9
06/30/2011,217.4,213.22,218.21,218.42,221.1,220.38,220.4,209.66,212.87,216.72,228.36,228.99,226.78,105
07/31/2011,217.37,213,218.21,218.42,221.07,220.24,220.32,209.87,212.82,216.59,228.4,229.04,227.03,150.2
08/31/2011,217.41,212.83,218.29,218.48,221.19,220.17,220.33,209.92,212.95,216.48,228.6,229.14,227.24,289
09/30/2011,217.72,212.8,218.78,219,222.05,220.28,220.74,209.98,213.13,216.47,228.73,229.09,229.81,105.3
10/31/2011,218.02,212.93,219.25,219.54,222.82,220.92,221.38,209.99,213.23,216.64,228.85,228.97,231.78,20.6
11/30/2011,217.99,213.12,219.22,219.53,222.78,221.16,221.45,209.97,213.11,216.87,228.61,228.81,231.37,0
12/31/2011,217.85,213.2,219.02,219.3,222.44,221.21,221.3,209.92,213,216.9,228.43,228.69,230.66,0
01/31/2012,217.78,213.18,218.9,219.16,222.25,221.17,221.16,209.77,212.9,216.84,228.27,228.59,229.87,0
02/29/2012,217.68,213.1,218.73,219,221.99,221.02,220.97,209.7,212.81,216.73,228.11,228.44,229.32,0
03/31/2012,217.51,212.99,218.42,218.67,221.55,220.85,220.79,209.69,212.76,216.64,228.27,228.53,228.69,0
04/30/2012,217.34,212.88,218.1,218.34,221.1,220.68,220.61,209.68,212.71,216.54,228.42,228.61,227.79,44.8
05/31/2012,217.01,212.77,217.44,217.63,220.41,220.16,220.03,209.38,212.7,216.4,228.8,230.14,226.9,82.2
06/30/2012,217,212.64,217.42,217.62,220.39,219.98,220,209.5,212.68,216.34,229.19,231.66,226.77,98.8
07/31/2012,217.4,212.6,217.98,218.2,221.64,220.25,220.62,210.67,213.25,216.34,229.31,232.12,226.83,247.2
08/31/2012,217.8,212.55,218.54,218.77,222.9,220.51,221.23,211.84,213.81,216.33,229.42,232.57,230.17,205
09/30/2012,218.08,214.11,218.95,219.17,223.41,221.26,221.76,212.79,214.38,216.57,230.45,232.81,234.99,229.5
10/31/2012,218.14,214.01,219.02,219.27,223.61,221.74,222.08,211.09,213.4,216.98,229.61,233.05,235.07,64.7
11/30/2012,218.12,213.99,218.99,219.26,223.43,221.92,222.11,210.9,213.24,217.49,229.25,232.18,234.4,0
12/31/2012,218.06,213.96,218.94,219.19,223.26,221.92,221.93,210.7,213.13,217.59,229.19,231.62,233.37,1.8
01/31/2013,217.93,213.71,218.8,219.04,222.91,221.66,221.69,210.13,212.87,217.47,229.19,230.72,232.46,0
02/28/2013,217.83,213.5,218.71,218.95,222.6,221.5,221.5,210.69,212.85,217.31,228.84,230.04,231.8,0
03/31/2013,217.7,213.46,218.56,218.77,222.19,221.31,221.32,210.58,212.86,217.2,228.48,229.09,230.61,4.3
04/30/2013,217.48,213.36,218.27,218.49,221.62,220.96,220.96,210.41,212.86,217.02,228.45,229.11,228.96,141.2
05/31/2013,217.26,213.25,217.98,218.2,221.05,220.61,220.6,210.23,212.85,216.85,228.42,229.13,227.84,74.4
06/30/2013,217.09,213.09,217.75,217.96,220.69,220.3,220.22,209.42,212.66,216.7,228.34,229.02,226.6,89.4
07/31/2013,217.08,212.8,217.78,218,220.79,220.11,220.13,209.8,212.69,216.47,228.52,229.1,227.09,150.4
08/31/2013,217.25,212.61,218.04,218.27,221.27,220.15,220.37,210.08,212.99,216.43,228.59,229.44,227.84,168.2
09/30/2013,217.67,212.7,218.71,218.95,222.44,220.72,221.12,210.38,213.11,216.48,228.91,230.9,231.99,147.8
10/31/2013,217.89,213,219.04,219.3,222.91,221.32,221.64,210.5,213.17,216.78,229.44,231.13,232.88,94.1
11/30/2013,217.87,213.23,219.01,219.28,222.86,221.52,221.7,210.54,213.07,217.02,229.17,230.79,232.47,0
12/31/2013,217.67,213.36,218.75,219,222.43,221.44,221.45,210.32,212.85,217.12,228.72,229.83,231.33,0
01/31/2014,217.5,213.28,218.5,218.75,222.04,221.17,221.22,209.98,212.71,217.03,228.33,229.14,230.27,0.6
02/28/2014,217.38,213.12,218.31,218.56,221.72,220.98,221.02,210.07,212.72,216.9,228.11,228.86,229.48,0
03/31/2014,217.22,213.01,218.07,218.3,221.31,220.78,220.76,209.93,212.61,216.76,228,228.74,228.27,1.2
04/30/2014,217.01,212.89,217.78,218,220.83,220.46,220.42,209.42,212.54,216.57,227.92,228.68,226.92,43.7
05/31/2014,217.22,213.09,218.1,218.33,221.37,220.64,220.76,209.85,212.76,216.55,228.4,229.47,226.41,97.6
06/30/2014,217.42,213.29,218.43,218.67,221.9,220.83,221.1,210.27,212.97,216.53,228.87,230.27,226.53,99.7
07/31/2014,217.63,213.5,218.75,219,222.44,221.01,221.44,210.7,213.19,216.5,229.35,231.06,227.51,103.6
08/31/2014,217.83,213.7,219.08,219.34,222.97,221.2,221.78,211.12,213.4,216.48,229.82,231.86,229.42,223.9
09/30/2014,218.04,213.9,219.4,219.67,223.51,221.38,222.12,211.55,213.62,216.46,230.3,232.65,234.79,134.7
10/31/2014,218.11,213.87,219.46,219.77,223.69,221.88,222.44,210.98,213.28,216.88,229.6,232.8,235.1,51.5
11/30/2014,218.05,213.85,219.37,219.68,223.57,222.05,222.49,210.37,213.13,217.21,229.37,232.4,234.48,0
12/31/2014,217.86,213.64,219.15,219.45,223.23,222.09,222.27,210.22,212.86,217.38,229.35,231.68,233.84,0
01/31/2015,217.81,213.48,219.04,219.33,223.07,222,222.13,210.23,212.74,217.3,229.27,230.75,233.16,0
02/28/2015,217.7,213.41,218.89,219.17,222.83,221.86,221.96,210.16,212.73,217.19,228.84,230.15,232.47,0
03/31/2015,217.6,213.3,218.74,219,222.55,221.67,221.77,210.14,212.75,217.08,228.62,229.66,231.78,0
04/30/2015,217.46,213.19,218.54,218.81,222.19,221.46,221.51,210.08,212.72,216.96,228.41,229.17,230.89,19.2
05/31/2015,217.32,213.06,218.33,218.57,221.78,221.22,221.24,210,212.65,216.83,228.18,228.83,229.93,30.5
06/30/2015,217.26,212.91,218.21,218.45,221.58,220.99,221.06,209.76,212.59,216.7,228.19,228.91,228.99,118.6
07/31/2015,217.19,212.75,218.09,218.33,221.39,220.75,220.88,209.51,212.52,216.56,228.2,228.99,228.72,185.7
08/31/2015,217.67,213.34,218.92,219.17,222.82,220.88,221.67,211.56,213.69,216.5,230.83,232.34,230.73,337.1
09/30/2015,218,213.89,219.44,219.73,223.46,221.57,222.36,212.1,213.84,216.77,230.23,232.81,234.89,141.6
10/31/2015,218.03,213.96,219.46,219.78,223.58,222,222.61,210.48,213.2,217.22,229.69,232.82,235.09,42.5
11/30/2015,217.98,213.86,219.39,219.73,223.48,222.12,222.6,210.33,213.08,217.48,229.54,232.52,234.87,0
12/31/2015,217.86,213.66,219.27,219.58,223.25,222.15,222.44,210.34,212.96,217.51,229.6,232.13,234.23,0
01/31/2016,217.74,213.48,219.1,219.4,222.93,222.11,222.24,210.26,212.8,217.41,229.71,231.31,233.49,0
02/29/2016,217.66,213.4,218.94,219.24,222.69,221.96,222.07,210.22,212.71,217.29,229.38,230.69,232.77,0
03/31/2016,217.56,213.31,218.76,219.05,222.34,221.77,221.82,210.24,212.67,217.14,228.87,229.92,232.05,23.5
04/30/2016,217.44,213.23,218.57,218.85,222,221.56,221.58,210.42,212.61,217.04,228.48,229.17,230.92,30
05/31/2016,217.28,213.13,218.29,218.55,221.5,221.24,221.22,210.37,212.65,216.9,228.33,228.99,229.55,186
06/30/2016,217.21,213.04,218.12,218.38,221.19,220.97,220.96,210.32,212.7,216.76,228.51,229.2,228.94,82.1
07/31/2016,217.25,212.99,218.31,218.52,221.48,220.79,221.06,210.19,212.81,216.66,229.53,229.88,228.11,264.7
08/31/2016,217.64,212.9,218.92,219.18,222.57,221.11,221.75,211.3,213.47,216.72,230.06,232.07,232.1,185.6
09/30/2016,218.02,214,219.5,219.79,223.29,221.87,222.44,212.2,213.77,216.99,230.95,232.75,235,155.1
10/31/2016,218.02,213.97,219.43,219.85,223.32,222.18,222.64,210.9,213.18,217.34,229.8,232.62,235.09,11
11/30/2016,217.88,213.86,219.23,219.57,222.99,222.23,222.49,210.78,213.02,217.55,229.65,231.84,234.27,0
12/31/2016,217.73,213.66,219.01,219.32,222.68,222.13,222.19,210.69,212.86,217.51,229.31,230.96,233.16,0
01/31/2017,217.62,213.46,218.78,219.07,222.24,221.86,221.91,210.02,212.66,217.38,228.97,230.1,231.9,0
02/28/2017,217.47,213.27,218.57,218.85,221.93,221.6,221.65,209.94,212.6,217.18,228.66,229.61,231.16,0
03/31/2017,217.33,213.12,218.34,218.6,221.56,221.38,221.37,210.19,212.52,217,228.21,228.82,230.37,0
04/30/2017,217.2,213.03,218.08,218.34,221.13,221.14,221.06,210.2,212.45,216.86,228.06,228.67,228.88,21.5
05/31/2017,216.95,212.91,217.7,217.92,220.5,220.72,220.59,209.67,212.4,216.67,227.96,228.59,227.09,111.9
06/30/2017,216.88,212.72,217.6,217.81,220.42,220.44,220.41,209.43,212.34,216.5,228.11,228.74,226.53,187.6
07/31/2017,217.09,212.64,217.98,218.19,220.96,220.59,220.77,209.78,212.57,216.48,228.35,229.21,228.88,159.2
08/31/2017,217.3,212.56,218.35,218.57,221.51,220.74,221.14,210.12,212.8,216.46,228.58,229.68,230.16,210.7
09/30/2017,217.53,212.68,218.7,218.98,222.14,221.15,221.62,210.15,212.94,216.66,229.1,231.04,231.8,89.8
10/31/2017,217.68,212.9,218.94,219.23,222.47,221.55,221.98,210.23,212.93,216.91,229.36,231.17,233.04,34.9
11/30/2017,217.6,213.1,218.81,219.07,222.25,221.67,221.92,210.23,212.74,217.16,229.13,230.5,232.3,0
12/31/2017,217.46,213.13,218.6,218.85,221.92,221.58,221.69,210.15,212.57,217.16,228.78,229.76,231.24,0
01/31/2018,217.28,213.04,218.31,218.58,221.46,221.28,221.32,209.83,212.39,217.02,228.2,228.85,230.08,0
02/28/2018,217.18,212.92,218.11,218.36,221.14,221.06,221.09,209.76,212.37,216.87,228,228.7,229.11,43.8
03/31/2018,217.08,212.82,217.96,218.17,220.88,220.92,220.9,209.66,212.35,216.75,227.99,228.63,228.16,2.1
04/30/2018,216.89,212.62,217.64,217.84,220.42,220.58,220.53,209.2,212.16,216.57,227.81,228.46,227.24,8.7
05/31/2018,217.09,212.89,217.97,218.19,220.93,220.82,220.88,209.73,212.45,216.55,228.51,229.31,226.45,70.7
06/30/2018,217.29,213.16,218.3,218.54,221.44,221.06,221.23,210.27,212.75,216.53,229.21,230.16,226.46,74.3
07/31/2018,217.48,213.42,218.63,218.89,221.95,221.29,221.57,210.8,213.04,216.52,229.91,231.02,226.76,178.8
08/31/2018,217.68,213.69,218.96,219.24,222.46,221.53,221.92,211.34,213.34,216.5,230.61,231.87,230.35,78.7
09/30/2018,217.88,213.96,219.29,219.59,222.97,221.77,222.27,211.87,213.63,216.48,231.31,232.72,235.02,218.6
10/31/2018,217.92,213.84,219.34,219.66,223.16,222.2,222.62,210.26,213.05,217.08,230.1,232.73,235.08,38.6
11/30/2018,217.83,213.61,219.27,219.61,223.08,222.28,222.65,210.15,212.89,217.46,229.97,232.38,234.88,0
12/31/2018,217.9,213.54,219.24,219.56,223.05,222.28,222.64,210.12,212.81,217.53,229.99,232.16,234.27,0
01/31/2019,217.76,213.4,219.03,219.31,222.76,222.12,222.37,210,212.57,217.47,229.59,230.99,233.59,0
02/28/2019,217.73,213.32,218.92,219.22,222.69,222,222.24,209.98,212.63,217.37,229.13,230.44,232.97,0
03/31/2019,217.61,213.2,218.75,219.04,222.47,221.82,222.01,209.87,212.54,217.23,228.88,229.97,232.25,7.9
04/30/2019,217.5,213.1,218.55,218.84,222.1,221.62,221.76,210.07,212.44,217.1,228.6,229.3,231.3,30
05/31/2019,217.34,213,218.28,218.58,221.66,221.34,221.42,209.88,212.3,216.97,228.22,228.82,230.14,63.9
06/30/2019,217.28,212.88,218.1,218.48,221.46,221.07,221.23,209.96,212.27,216.83,228.24,228.92,229.34,89
07/31/2019,217.29,212.8,218.28,218.53,221.55,220.96,221.24,209.91,212.36,216.74,228.37,229.25,229.46,181.6
08/31/2019,217.58,212.79,218.68,218.99,222.18,221.27,221.7,210.04,212.71,216.73,229.57,230.15,231.68,215.9
09/30/2019,217.77,212.89,219.05,219.36,222.76,221.69,222.15,210.15,212.9,216.92,229.52,231.76,233.72,143.2
10/31/2019,218.01,213.18,219.3,219.66,223.16,222.19,222.6,210.32,212.95,217.33,230.17,232.3,234.55,143.7
11/30/2019,218.02,213.4,219.25,219.64,223.18,222.34,222.69,209.94,212.88,217.62,229.91,232.15,234.83,0
12/31/2019,217.92,213.33,219.15,219.5,222.95,222.17,222.57,209.69,212.65,217.63,229.75,231.62,234.29,0
01/31/2020,217.85,213.25,219.06,219.39,222.78,222.04,222.44,209.46,212.59,217.5,229.67,231.21,233.74,0
02/29/2020,217.81,213.09,218.98,219.31,222.66,221.96,222.35,209.31,212.61,217.41,229.6,231.04,233.41,0
03/31/2020,217.76,212.96,218.92,219.23,222.48,221.87,222.23,209.93,212.56,217.33,229.19,230.44,233.11,0
04/30/2020,217.64,212.97,218.72,219.03,222.12,221.69,221.98,210.1,212.49,217.24,228.8,229.72,232.08,26.8
05/31/2020,217.48,212.96,218.5,218.78,221.74,221.46,221.67,210.08,212.44,217.14,228.53,229.13,230.95,50.4
06/30/2020,217.35,212.92,218.28,218.54,221.4,221.16,221.38,209.96,212.36,217.02,228.26,228.78,229.6,98.6
07/31/2020,217.05,212.86,217.73,217.96,220.87,220.93,221.09,209.99,212.38,216.9,228.36,229.17,229.46,203.6
08/31/2020,217.36,213.37,218,218.21,221.96,221.44,221.47,212.2,213.73,216.97,231.16,232.5,234.06,319.7
09/30/2020,217.56,214.53,218.31,218.5,222.24,221.78,222.27,213.51,214.68,217.38,231.44,232.68,235.02,209.9
10/31/2020,217.55,213.96,218.26,218.48,222.34,221.94,222.42,210.63,213.04,217.64,230.11,232.42,235.09,35.2
11/30/2020,217.51,213.77,218.23,218.46,222.19,221.66,222.37,210.46,212.84,217.64,229.94,231.76,234.73,0
12/31/2020,217.44,213.53,218.15,218.37,222.02,221.8,222.21,210.4,212.73,217.64,229.75,231.2,233.78,0
01/31/2021,217.34,213.27,218.14,218.3,221.78,221.67,221.95,209.94,212.46,217.49,229.23,230.19,233.16,0
02/28/2021,217.29,213.14,218.05,218.28,221.56,221.5,222.09,209.99,212.47,217.3,228.74,229.54,232.27,0
03/31/2021,217.3,213.12,218.05,218.27,221.55,221.47,221.75,210.06,212.44,217.24,228.71,229.45,231.39,0
04/30/2021,217.12,212.96,217.86,218.08,221.04,221.1,221.29,209.97,212.27,217.02,228.27,228.64,230.1,5.1
05/31/2021,217,212.88,217.69,217.92,220.68,220.82,220.99,209.97,212.2,216.89,228.13,228.47,228.64,48.3
06/30/2021,217.06,212.65,217.8,218.02,220.89,221.19,220.99,209.92,212.33,216.69,228.22,228.65,227.14,165.1
07/31/2021,217.11,212.42,217.91,218.12,221.1,221.56,220.99,209.86,212.46,216.49,228.31,228.83,228.64,81.7
08/31/2021,217.36,212.56,218.27,218.52,221.92,221.02,221.5,210.04,212.68,217.04,229.64,230.32,230.9,202.8
09/30/2021,217.64,212.78,218.71,218.99,222.66,221.7,222.16,210.2,212.8,217.56,229.78,231.38,234.41,126.9
10/31/2021,217.64,212.92,218.7,218.99,222.62,221.77,222.22,209.91,212.77,217.49,229.67,231.14,234.12,14.1
11/30/2021,217.63,213.06,218.7,218.98,222.58,221.84,222.27,209.62,212.73,217.41,229.56,230.9,233.47,0
12/31/2021,217.56,213.01,218.61,218.88,222.43,221.8,222.2,209.26,212.53,217.42,229.25,230.31,232.99,0
01/31/2022,217.46,212.75,218.46,218.76,222.24,221.69,222.34,208.94,212.36,217.21,228.92,229.86,232.65,0
02/28/2022,217.43,212.59,218.43,218.7,222.15,221.63,221.98,209.15,212.34,217.08,228.82,229.66,232.36,0
03/31/2022,217.45,213.43,218.48,218.74,222.23,221.61,222.01,209.3,212.41,217.01,229.03,229.86,232.05,3.1
04/30/2022,217.47,214.27,218.53,218.79,222.3,221.59,222.04,209.44,212.48,216.95,229.24,230.06,231.1,13.4
05/31/2022,217.5,215.11,218.59,218.83,222.38,221.57,222.07,209.59,212.55,216.88,229.45,230.26,230,90.3
06/30/2022,217.52,215.95,218.64,218.87,222.45,221.54,222.1,209.73,212.61,216.81,229.66,230.45,228.7,127.6
07/31/2022,217.54,216.79,218.69,218.92,222.53,221.52,222.13,209.88,212.68,216.75,229.87,230.65,228.87,186.1
08/31/2022,217.56,217.63,218.74,218.96,222.6,221.5,222.16,210.02,212.75,216.68,230.08,230.85,231.61,186.8
09/30/2022,217.87,214.89,219.24,219.52,223.06,221.94,222.53,214.16,215.41,216.95,231.49,232.34,235.06,169.5
10/31/2022,217.92,213.99,219.21,219.51,223.14,222.1,222.73,211.73,213.41,217.2,230.72,232.18,235.03,18.6
11/30/2022,217.79,213.77,218.98,219.25,222.91,222.17,222.65,210.39,212.75,217.58,229.63,231.03,234.7,0
12/31/2022,217.7,213.56,218.83,219.11,222.21,222.1,222.49,210.04,212.64,217.56,229.36,230.51,233.72,0
